{
    "pi": 3.14159,
    "tau": 6.24318
}